disease,method,seed,fold,npos,auroc,auprc
pcos,meta_abs_z,0,0,1546,0.49775313305886076,0.10227061659853938
pcos,rwr,0,0,1546,0.7685404696195086,0.32071192567955065
pcos,logreg,0,0,1546,0.6580464190381397,0.16634656048797478
pcos,mlp,0,0,1546,0.6721395285707822,0.1700632766221428
pcos,gcn,0,0,1546,0.758685472560286,0.2992015536442437
pcos,sage,0,0,1546,0.7549959281545491,0.3107776009269026
pcos,sage_rwr,0,0,1546,0.7664038818259965,0.31396198414485965
pcos,meta_abs_z,0,1,1546,0.48800274961801404,0.09507322884349811
pcos,rwr,0,1,1546,0.7708617625006097,0.309053366949009
pcos,logreg,0,1,1546,0.6621639403024352,0.15971734317128805
pcos,mlp,0,1,1546,0.6636828093291908,0.165252579508247
pcos,gcn,0,1,1546,0.7529744991078487,0.2987459320099043
pcos,sage,0,1,1546,0.7609238898020252,0.3051364373943152
pcos,sage_rwr,0,1,1546,0.7679731889557011,0.3046722038569844
pcos,meta_abs_z,0,2,1546,0.4827252752737424,0.09713908005972832
pcos,rwr,0,2,1546,0.7643393600332132,0.33815329666213745
pcos,logreg,0,2,1546,0.6770191372960048,0.19655230164878634
pcos,mlp,0,2,1546,0.6784041552808207,0.20700859372452185
pcos,gcn,0,2,1546,0.7539919938927626,0.303291848105953
pcos,sage,0,2,1546,0.7389757219165201,0.3164836032282263
pcos,sage_rwr,0,2,1546,0.758571854755739,0.3074732988663647
pcos,meta_abs_z,0,3,1546,0.4879318539390206,0.09490972119381708
pcos,rwr,0,3,1546,0.7777919569135764,0.3001319328459328
pcos,logreg,0,3,1546,0.6561724046793417,0.16827516277443166
pcos,mlp,0,3,1546,0.6665617410617564,0.17768153792340546
pcos,gcn,0,3,1546,0.7484825488868243,0.2938391580689657
pcos,sage,0,3,1546,0.7452633178950903,0.2884184506382193
pcos,sage_rwr,0,3,1546,0.7758539526326117,0.2874634102420991
pcos,meta_abs_z,0,4,1546,0.5201635597797719,0.1012114106692189
pcos,rwr,0,4,1546,0.7751977831942156,0.35933140668301244
pcos,logreg,0,4,1546,0.672361302123758,0.22269593246801483
pcos,mlp,0,4,1546,0.6681264950049248,0.20595541718859922
pcos,gcn,0,4,1546,0.7497242609512658,0.32767920137387974
pcos,sage,0,4,1546,0.7356899376807055,0.3119004682532453
pcos,sage_rwr,0,4,1546,0.7733725722481697,0.3312943150258773
pcos,meta_abs_z,1,0,1546,0.4882312355788807,0.09468793852062664
pcos,rwr,1,0,1546,0.7480121476722617,0.28816374104698766
pcos,logreg,1,0,1546,0.6347418902411438,0.1568408689183485
pcos,mlp,1,0,1546,0.6381384879880558,0.16374120104610035
pcos,gcn,1,0,1546,0.721510654662263,0.24926640139947104
pcos,sage,1,0,1546,0.7091152784689861,0.25572198147366815
pcos,sage_rwr,1,0,1546,0.7438967560964574,0.28348780986931976
pcos,meta_abs_z,1,1,1546,0.48301566397489953,0.09419672428202656
pcos,rwr,1,1,1546,0.7721032876311429,0.2946710969201862
pcos,logreg,1,1,1546,0.6686432381970038,0.16866305052758973
pcos,mlp,1,1,1546,0.6714620503937828,0.16610108939480628
pcos,gcn,1,1,1546,0.7620083101079089,0.29254764444509324
pcos,sage,1,1,1546,0.7457153487443524,0.2846015620037359
pcos,sage_rwr,1,1,1546,0.7598179172097275,0.27657633628434275
pcos,meta_abs_z,1,2,1546,0.4938485237250972,0.09927178478824544
pcos,rwr,1,2,1546,0.7977669562613363,0.33799698005246587
pcos,logreg,1,2,1546,0.675210446733524,0.18461699912179952
pcos,mlp,1,2,1546,0.6800801291322255,0.18822318488847473
pcos,gcn,1,2,1546,0.7761449084992009,0.33183665517087446
pcos,sage,1,2,1546,0.7552743549343959,0.31197615945483753
pcos,sage_rwr,1,2,1546,0.7870583057407351,0.31140920053398574
pcos,meta_abs_z,1,3,1546,0.49344697059927833,0.09645319857831856
pcos,rwr,1,3,1546,0.7715911372460942,0.34544230233518036
pcos,logreg,1,3,1546,0.6691718363795789,0.19131224947857306
pcos,mlp,1,3,1546,0.6777780046439505,0.19619806312300034
pcos,gcn,1,3,1546,0.7438510759695409,0.32732567873617746
pcos,sage,1,3,1546,0.7518934817945568,0.32210521106628554
pcos,sage_rwr,1,3,1546,0.7651481379391705,0.3283171729428901
pcos,meta_abs_z,1,4,1546,0.5178021895722982,0.10614146678334865
pcos,rwr,1,4,1546,0.7725266320801392,0.3532990583770623
pcos,logreg,1,4,1546,0.672308537244062,0.19910503519387454
pcos,mlp,1,4,1546,0.6816110422709096,0.20807746251970322
pcos,gcn,1,4,1546,0.7672126980668763,0.3403063635444509
pcos,sage,1,4,1546,0.7508918966761531,0.32883684582090994
pcos,sage_rwr,1,4,1546,0.7671173808648447,0.32159909760912314
