gsm,source_url,source_sha256,title,old_label,source_group,subseries,platform,probes_verified,matrix_sha256
GSM1059640,https://www.ncbi.nlm.nih.gov/geo/query/acc.cgi?acc=GSM1059640&targ=self&form=text&view=full,08ab18362d4a24076886b4d0944dbcc3f793f2efd1550429e4d2c7f650e97567,Adipose tissue; PCOS_01,case,baseline_PCOS,GSE43264,GPL15362,17126,b388e83c3715c6d4df4bf1e299569f0a9e84d9b877ed574804a0250f225cd160
GSM1059641,https://www.ncbi.nlm.nih.gov/geo/query/acc.cgi?acc=GSM1059641&targ=self&form=text&view=full,913169bc0cc0047d4fb8088d2190eb727b949f88d3863b8c3533416cbef38637,Adipose tissue; PCOS_03,case,baseline_PCOS,GSE43264,GPL15362,17126,b388e83c3715c6d4df4bf1e299569f0a9e84d9b877ed574804a0250f225cd160
GSM1059642,https://www.ncbi.nlm.nih.gov/geo/query/acc.cgi?acc=GSM1059642&targ=self&form=text&view=full,a63c13c1eadfceb8e258444200c823ca173388c669d54bf0c138b1da8c1ba7a6,Adipose tissue; PCOS_05,case,baseline_PCOS,GSE43264,GPL15362,17126,b388e83c3715c6d4df4bf1e299569f0a9e84d9b877ed574804a0250f225cd160
GSM1059643,https://www.ncbi.nlm.nih.gov/geo/query/acc.cgi?acc=GSM1059643&targ=self&form=text&view=full,3eadee7d09181fff874fd05d9648b4fc1a00e7e6909adfa063fdadea340a71a4,Adipose tissue; PCOS_07,case,baseline_PCOS,GSE43264,GPL15362,17126,b388e83c3715c6d4df4bf1e299569f0a9e84d9b877ed574804a0250f225cd160
GSM1059644,https://www.ncbi.nlm.nih.gov/geo/query/acc.cgi?acc=GSM1059644&targ=self&form=text&view=full,da7de5fd4a34f0cc7bb2c199a2583bdfdac504dc1f2653ff5c42b3a26d747895,Adipose tissue; PCOS_09,case,baseline_PCOS,GSE43264,GPL15362,17126,b388e83c3715c6d4df4bf1e299569f0a9e84d9b877ed574804a0250f225cd160
GSM1059645,https://www.ncbi.nlm.nih.gov/geo/query/acc.cgi?acc=GSM1059645&targ=self&form=text&view=full,0af274f57631574c1b94868aae180b02525d8037cb887a366762e01497897f7a,Adipose tissue; PCOS_11,case,baseline_PCOS,GSE43264,GPL15362,17126,b388e83c3715c6d4df4bf1e299569f0a9e84d9b877ed574804a0250f225cd160
GSM1059646,https://www.ncbi.nlm.nih.gov/geo/query/acc.cgi?acc=GSM1059646&targ=self&form=text&view=full,025dc6a3ce96eb089adead0c300f34ac20865720a84e7fd6a15ba68a1b75f9d4,Adipose tissue; PCOS_13,case,baseline_PCOS,GSE43264,GPL15362,17126,b388e83c3715c6d4df4bf1e299569f0a9e84d9b877ed574804a0250f225cd160
GSM1059647,https://www.ncbi.nlm.nih.gov/geo/query/acc.cgi?acc=GSM1059647&targ=self&form=text&view=full,e691ea6ad5a98918222f2c6fe445acfbec6beec81678adbbc36855a0c6a39881,Adipose tissue; PCOS_16,case,baseline_PCOS,GSE43264,GPL15362,17126,b388e83c3715c6d4df4bf1e299569f0a9e84d9b877ed574804a0250f225cd160
GSM1059648,https://www.ncbi.nlm.nih.gov/geo/query/acc.cgi?acc=GSM1059648&targ=self&form=text&view=full,eaebdfe8448b09c421d10842984bca99b77e845d13a088f09d4d28a4f9d72865,Adipose tissue; Control_20,control,healthy_control,GSE43264,GPL15362,17126,b388e83c3715c6d4df4bf1e299569f0a9e84d9b877ed574804a0250f225cd160
GSM1059649,https://www.ncbi.nlm.nih.gov/geo/query/acc.cgi?acc=GSM1059649&targ=self&form=text&view=full,f94229bfe0096ee9d91ea28a49863b20a15c04759bb1161f41e783b2869a4896,Adipose tissue; Control_22,control,healthy_control,GSE43264,GPL15362,17126,b388e83c3715c6d4df4bf1e299569f0a9e84d9b877ed574804a0250f225cd160
GSM1059650,https://www.ncbi.nlm.nih.gov/geo/query/acc.cgi?acc=GSM1059650&targ=self&form=text&view=full,c4e6e1c1b92333147dff81617a76bb0a1c7417dfd471117698801d82696b84bc,Adipose tissue; Control_23,control,healthy_control,GSE43264,GPL15362,17126,b388e83c3715c6d4df4bf1e299569f0a9e84d9b877ed574804a0250f225cd160
GSM1059651,https://www.ncbi.nlm.nih.gov/geo/query/acc.cgi?acc=GSM1059651&targ=self&form=text&view=full,48a032463f75b06c0e3945389e701329db140b5d18a112eeb51366beed412f9d,Adipose tissue; Control_24,control,healthy_control,GSE43264,GPL15362,17126,b388e83c3715c6d4df4bf1e299569f0a9e84d9b877ed574804a0250f225cd160
GSM1059652,https://www.ncbi.nlm.nih.gov/geo/query/acc.cgi?acc=GSM1059652&targ=self&form=text&view=full,e8a03e3ac640411cbc9f81209881539078f53ff75c394643260482f5526e1ff1,Adipose tissue; Control_25,control,healthy_control,GSE43264,GPL15362,17126,b388e83c3715c6d4df4bf1e299569f0a9e84d9b877ed574804a0250f225cd160
GSM1059653,https://www.ncbi.nlm.nih.gov/geo/query/acc.cgi?acc=GSM1059653&targ=self&form=text&view=full,599aa0fbe9f516e39123fabc1c15bac2715e22627780ca7769a0527fc689b2eb,Adipose tissue; Control_26,control,healthy_control,GSE43264,GPL15362,17126,b388e83c3715c6d4df4bf1e299569f0a9e84d9b877ed574804a0250f225cd160
GSM1059654,https://www.ncbi.nlm.nih.gov/geo/query/acc.cgi?acc=GSM1059654&targ=self&form=text&view=full,b83ec87ea906aff2ec595eda274c83be7deb1020bb642805ec2eca36447deab4,Adipose tissue; Control_27,control,healthy_control,GSE43264,GPL15362,17126,b388e83c3715c6d4df4bf1e299569f0a9e84d9b877ed574804a0250f225cd160
GSM1059686,https://www.ncbi.nlm.nih.gov/geo/query/acc.cgi?acc=GSM1059686&targ=self&form=text&view=full,4612ef973e7bcf236ce8d78fc7019807da594de9206fb7189bac7c2ca5fd03a7,Adipose tissue; PCOS; placebo_01,case,placebo_PCOS,GSE43266,GPL15362,17126,b388e83c3715c6d4df4bf1e299569f0a9e84d9b877ed574804a0250f225cd160
GSM1059687,https://www.ncbi.nlm.nih.gov/geo/query/acc.cgi?acc=GSM1059687&targ=self&form=text&view=full,a9d08981ce10912661bf9fce1d8507d0fc7afd06740cd3b0de43630a2f28221d,Adipose tissue; PCOS; LC n-3 PUFA_02,case,PUFA_PCOS,GSE43266,GPL15362,17126,b388e83c3715c6d4df4bf1e299569f0a9e84d9b877ed574804a0250f225cd160
GSM1059688,https://www.ncbi.nlm.nih.gov/geo/query/acc.cgi?acc=GSM1059688&targ=self&form=text&view=full,60de6f3d3c5bd2047925aadeb6bac109d295a8344a042971abdd7d03b3e1766a,Adipose tissue; PCOS; placebo_03,case,placebo_PCOS,GSE43266,GPL15362,17126,b388e83c3715c6d4df4bf1e299569f0a9e84d9b877ed574804a0250f225cd160
GSM1059689,https://www.ncbi.nlm.nih.gov/geo/query/acc.cgi?acc=GSM1059689&targ=self&form=text&view=full,1a0f2f1bcf1db8ec8c56d9473132c4bc3ccbb6cc57fc593123401f1178cf006c,Adipose tissue; PCOS; LC n-3 PUFA_04,case,PUFA_PCOS,GSE43266,GPL15362,17126,b388e83c3715c6d4df4bf1e299569f0a9e84d9b877ed574804a0250f225cd160
GSM1059690,https://www.ncbi.nlm.nih.gov/geo/query/acc.cgi?acc=GSM1059690&targ=self&form=text&view=full,c65b38e416b04d1c1c4b3aea33d6d0c517f1f0fd710847b4ad7798006dcd662c,Adipose tissue; PCOS; placebo_05,case,placebo_PCOS,GSE43266,GPL15362,17126,b388e83c3715c6d4df4bf1e299569f0a9e84d9b877ed574804a0250f225cd160
GSM1059691,https://www.ncbi.nlm.nih.gov/geo/query/acc.cgi?acc=GSM1059691&targ=self&form=text&view=full,2201217a559331cb30247e946af313f599c3294d632a3c3b9480c3a990d384be,Adipose tissue; PCOS; LC n-3 PUFA_06,case,PUFA_PCOS,GSE43266,GPL15362,17126,b388e83c3715c6d4df4bf1e299569f0a9e84d9b877ed574804a0250f225cd160
GSM1059692,https://www.ncbi.nlm.nih.gov/geo/query/acc.cgi?acc=GSM1059692&targ=self&form=text&view=full,2a768d22a24b97576a7a4ee37e09c2f2d3bbacfdc4381b9578fd6d1dbccaf9e7,Adipose tissue; PCOS; placebo_07,case,placebo_PCOS,GSE43266,GPL15362,17126,b388e83c3715c6d4df4bf1e299569f0a9e84d9b877ed574804a0250f225cd160
GSM1059693,https://www.ncbi.nlm.nih.gov/geo/query/acc.cgi?acc=GSM1059693&targ=self&form=text&view=full,629a20fcb64e116d534f92b71edac9d6d780f42f9eb07d6b9e49f91e27471083,Adipose tissue; PCOS; LC n-3 PUFA_08,case,PUFA_PCOS,GSE43266,GPL15362,17126,b388e83c3715c6d4df4bf1e299569f0a9e84d9b877ed574804a0250f225cd160
GSM1059694,https://www.ncbi.nlm.nih.gov/geo/query/acc.cgi?acc=GSM1059694&targ=self&form=text&view=full,5fc6c70b3ec410b376f89ef027534665c40240af5ceacdc22e4538f2031cde1f,Adipose tissue; PCOS; placebo_09,case,placebo_PCOS,GSE43266,GPL15362,17126,b388e83c3715c6d4df4bf1e299569f0a9e84d9b877ed574804a0250f225cd160
GSM1059695,https://www.ncbi.nlm.nih.gov/geo/query/acc.cgi?acc=GSM1059695&targ=self&form=text&view=full,ae19497c4fc4cadb620941f8b96118bbdd79ebbcd58b5890a7c8484db55e232c,Adipose tissue; PCOS; LC n-3 PUFA_10,case,PUFA_PCOS,GSE43266,GPL15362,17126,b388e83c3715c6d4df4bf1e299569f0a9e84d9b877ed574804a0250f225cd160
GSM1059696,https://www.ncbi.nlm.nih.gov/geo/query/acc.cgi?acc=GSM1059696&targ=self&form=text&view=full,4698619cdd06cd0176e29cd07141f9e3aa9c64830252013d161718747e28ba4e,Adipose tissue; PCOS; placebo_11,case,placebo_PCOS,GSE43266,GPL15362,17126,b388e83c3715c6d4df4bf1e299569f0a9e84d9b877ed574804a0250f225cd160
GSM1059697,https://www.ncbi.nlm.nih.gov/geo/query/acc.cgi?acc=GSM1059697&targ=self&form=text&view=full,440884be1c996ace5d5e8e58151017165422672ac407029838b8c96ed451dcfe,Adipose tissue; PCOS; LC n-3 PUFA_12,case,PUFA_PCOS,GSE43266,GPL15362,17126,b388e83c3715c6d4df4bf1e299569f0a9e84d9b877ed574804a0250f225cd160
GSM1059698,https://www.ncbi.nlm.nih.gov/geo/query/acc.cgi?acc=GSM1059698&targ=self&form=text&view=full,a2c6bef83b9cb428ac290a243a28b38d07b5cd0f3104ffbfc06f7d326767f71a,Adipose tissue; PCOS; placebo_13,case,placebo_PCOS,GSE43266,GPL15362,17126,b388e83c3715c6d4df4bf1e299569f0a9e84d9b877ed574804a0250f225cd160
GSM1059699,https://www.ncbi.nlm.nih.gov/geo/query/acc.cgi?acc=GSM1059699&targ=self&form=text&view=full,eab0ae35b62bd9ea8d497b07939923f0837ab651ace829d5f3c2c7072b9213be,Adipose tissue; PCOS; LC n-3 PUFA_14,case,PUFA_PCOS,GSE43266,GPL15362,17126,b388e83c3715c6d4df4bf1e299569f0a9e84d9b877ed574804a0250f225cd160
GSM1059700,https://www.ncbi.nlm.nih.gov/geo/query/acc.cgi?acc=GSM1059700&targ=self&form=text&view=full,9832af6d789c1ba549eba2aebaa6cd63820a1355dcf3aea059f053265d190bde,Adipose tissue; PCOS; LC n-3 PUFA_15,case,PUFA_PCOS,GSE43266,GPL15362,17126,b388e83c3715c6d4df4bf1e299569f0a9e84d9b877ed574804a0250f225cd160
GSM1059701,https://www.ncbi.nlm.nih.gov/geo/query/acc.cgi?acc=GSM1059701&targ=self&form=text&view=full,88f3eddf27ccfef69807656cc15ef291dd049f38b38a92e576c9b2902b4beff4,Adipose tissue; PCOS; placebo_16,case,placebo_PCOS,GSE43266,GPL15362,17126,b388e83c3715c6d4df4bf1e299569f0a9e84d9b877ed574804a0250f225cd160
