gsm,source_url,sha256,title,person_token,source_status,label,finite_probes
GSM114834,https://www.ncbi.nlm.nih.gov/geo/query/acc.cgi?acc=GSM114834&targ=self&form=text&view=full,35b6a55bbf68ce2d56d09e705dd7e514f7a956e18b7ee017d3c7a14c8fb4ca0a,EP1_adipose_pcos_rep1,EP1,Morbidly obese PCOS patient,case,22283
GSM114840,https://www.ncbi.nlm.nih.gov/geo/query/acc.cgi?acc=GSM114840&targ=self&form=text&view=full,d354cd0b4f1e6faf283a453be00f149ee038c1ddb4d906b5784fe4f29f1ccabe,EP1_adipose_pcos_rep2,EP1,Morbidly obese PCOS patient,case,22283
GSM114841,https://www.ncbi.nlm.nih.gov/geo/query/acc.cgi?acc=GSM114841&targ=self&form=text&view=full,96e0a9e63409496d6762439d128ad2ea43e27ef7209e47aa09f36341e6fe29aa,EP3_adipose_control,EP3,Morbidly obese control subject,control,22283
GSM114842,https://www.ncbi.nlm.nih.gov/geo/query/acc.cgi?acc=GSM114842&targ=self&form=text&view=full,f1c456b93946bccd67db48589bb8b3c57256a954c0202b0135c89b7551d975d6,EP10_adipose_pcos,EP10,Morbidly obese PCOS patient,case,22283
GSM114843,https://www.ncbi.nlm.nih.gov/geo/query/acc.cgi?acc=GSM114843&targ=self&form=text&view=full,91fef73287b2bc54f6155aca5a91ebdb23b7cda5b41dab173d85abc739463cd8,EP18_adipose_pcos,EP18,Morbidly obese PCOS patient,case,22283
GSM114844,https://www.ncbi.nlm.nih.gov/geo/query/acc.cgi?acc=GSM114844&targ=self&form=text&view=full,313f87c4bd79cd973171bb497d75f268afa6addf7604e843a10d2186b12c2482,EP23_adipose_control,EP23,Morbidly obese control subject,control,22283
GSM114845,https://www.ncbi.nlm.nih.gov/geo/query/acc.cgi?acc=GSM114845&targ=self&form=text&view=full,70769edb4e69683329ffa8ff57d2b661e25b60590af5e7e36f67748b3013aac1,EP31_adipose_control_rep1,EP31,Morbidly obese control subject,control,22283
GSM114846,https://www.ncbi.nlm.nih.gov/geo/query/acc.cgi?acc=GSM114846&targ=self&form=text&view=full,e7192d37b7ae3b36fe451f734b9616205c98e1723be65cc7a162b171627323f0,EP31_adipose_control_rep2,EP31,Morbidly obese control subject,control,22283
GSM114847,https://www.ncbi.nlm.nih.gov/geo/query/acc.cgi?acc=GSM114847&targ=self&form=text&view=full,29d280da0d8c31c46c4854fcd07a2728255eb987a8d85013918974eeb6c8f7d6,EP32_adipose_pcos,EP32,Morbidly obese PCOS patient,case,22283
GSM114848,https://www.ncbi.nlm.nih.gov/geo/query/acc.cgi?acc=GSM114848&targ=self&form=text&view=full,d5c45d96319b77deab6601b3e2e13e528bb34ed662ac5529102542ace00b5587,EP34_adipose_pcos,EP34,Morbidly obese PCOS patient,case,22283
GSM114849,https://www.ncbi.nlm.nih.gov/geo/query/acc.cgi?acc=GSM114849&targ=self&form=text&view=full,85186f4c13c3252b21a53ac02d3fc653fd54a195eb98b1c327a1c47aa8396af7,EP37_adipose_control,EP37,Total RNA was extracted from omental adipose tissue from a control subject,control,22283
GSM114850,https://www.ncbi.nlm.nih.gov/geo/query/acc.cgi?acc=GSM114850&targ=self&form=text&view=full,44d1674e3ee90ca8657253805cc094e7c983acb503b3494b18cc179d21b77f2a,EP47_adipose_pcos,EP47,Morbidly obese PCOS patient,case,22283
GSM114851,https://www.ncbi.nlm.nih.gov/geo/query/acc.cgi?acc=GSM114851&targ=self&form=text&view=full,05291d6102a6e5adb6e3ca51e5aff4fc1282f36ba38dfa0f5fc4b8a245991b05,EP49_adipose_control,EP49,Morbidly obese control subject,control,22283
GSM114852,https://www.ncbi.nlm.nih.gov/geo/query/acc.cgi?acc=GSM114852&targ=self&form=text&view=full,f773cf7fde213c98e71a3b90c4aea3fd27e20311a77ec8eadfa8988c4f4122ed,EP55_adipose_pcos,EP55,Morbidly obese PCOS patient,case,22283
GSM114853,https://www.ncbi.nlm.nih.gov/geo/query/acc.cgi?acc=GSM114853&targ=self&form=text&view=full,ce4845c5edacd1a591d62884b0b82f24c8fe1559bb765c6254ca42be7b88e38e,EP66_adipose_pcos,EP66,Morbidly obese PCOS patient,case,22283
GSM114854,https://www.ncbi.nlm.nih.gov/geo/query/acc.cgi?acc=GSM114854&targ=self&form=text&view=full,108271667d939cca68eb57fc2b3646af64c35c956ce57f8f7a41bf629e5e7519,EP69_adipose_control,EP69,Morbidly obese control subject,control,22283
GSM114855,https://www.ncbi.nlm.nih.gov/geo/query/acc.cgi?acc=GSM114855&targ=self&form=text&view=full,75209cfe5327a1df84b7fb44c879f789c45c25be7c8e1f758a6ab11215f43de6,EP71_adipose_control,EP71,Morbidly obese control subject,control,22283
