gsm,label
GSM8534278,control
GSM8534279,control
GSM8534280,control
GSM8534281,control
GSM8534282,control
GSM8534283,control
GSM8534284,control
GSM8534285,control
GSM8534286,control
GSM8534287,control
GSM8534288,control
GSM8534289,control
GSM8534290,control
GSM8534291,control
GSM8534292,control
GSM8534293,control
GSM8534294,control
GSM8534295,case
GSM8534296,case
GSM8534297,case
GSM8534298,case
GSM8534299,case
GSM8534300,case
GSM8534301,case
GSM8534302,case
GSM8534303,case
GSM8534304,case
GSM8534305,case
GSM8534306,case
GSM8534307,case
GSM8534308,case
GSM8534309,case
GSM8534310,case
GSM8534311,case
GSM8534312,case
GSM8534313,case
GSM8534314,case
GSM8534315,case
GSM8534316,case
GSM8534317,case
