gsm,description,title,label
GSM8375448,CONTROL-163,"SVBN184, CONTROL",control
GSM8375449,CONTROL-142,"SVBN185, CONTROL",control
GSM8375450,CONTROL-141,"SVBN187, CONTROL",control
GSM8375451,CONTROL-130,"SVBN190, CONTROL",control
GSM8375452,CONTROL-183,"SVBN192, CONTROL",control
GSM8375453,PCOS-87,"SVBN193, PCOS",case
GSM8375454,PCOS-213,"SVBN195, PCOS",case
GSM8375455,PCOS-37,"SVBN198, PCOS",case
GSM8375456,PCOS-138,"SVBN200, PCOS",case
GSM8375457,PCOS-116,"SVBN201, PCOS",case
GSM8375458,CONTROL-143,"SVBN204, CONTROL",control
GSM8375459,CONTROL-189,"SVBN205, CONTROL",control
GSM8375460,CONTROL-175,"SVBN206, CONTROL",control
GSM8375461,CONTROL-32,"SVBN208, CONTROL",control
GSM8375462,CONTROL-132,"SVBN209, CONTROL",control
GSM8375463,CONTROL-158,"SVBN210, CONTROL",control
