gene,discovery_mu,cohort_g,cohort_v,agrees,status
CELA1,-1.1613,,,,not uniquely mapped or filtered
VPS26B,1.1362,0.8170168278424754,0.7222930414148151,1,measured
RABGGTA,0.98884,0.24959064705893674,0.6718579575916082,1,measured
CELF2,1.4261,-0.6105790413826799,0.6977338971479826,0,measured
HELB,1.0601,0.081804205849033,0.6672243273412158,1,measured
CHD4,1.1838,0.8244313606911773,0.7233072557075921,1,measured
PYGL,1.1943,0.5090183117553405,0.688258303475188,1,measured
TNKS,0.92347,-0.44077545777746635,0.6828569170149112,0,measured
LIMCH1,1.0009,,,,not uniquely mapped or filtered
AFAP1L1,1.043,,,,not uniquely mapped or filtered
ZNFX1,1.0383,2.421579527871165,1.1553372841503946,1,measured
CHMP4B,1.0346,0.49749616850839984,0.6872918698067115,1,measured
MAP7D1,0.91496,51.555430202759524,222.16353194930073,1,measured
NPLOC4,0.90282,-1.61211515150299,0.883242938475459,0,measured
F8A3,1.0713,,,,not uniquely mapped or filtered
TMEM126A,-1.0161,0.12936984213864952,0.6680613796712482,0,measured
SDC3,0.9488,1.4593303374791755,0.844137086157257,1,measured
ANXA11,0.88435,-0.21904589202561497,0.6706650919011081,0,measured
ZNF282,0.88094,,,,not uniquely mapped or filtered
RNF40,1.0367,-0.597230649982303,0.6963903707731903,0,measured
