gene,mu,se,z,p,tau2,Q,I2,k,q,abs_z,g,v,agree
CELA1,-1.1613,0.2648,,1.1572e-05,0.0,2.0019,0.0,4,0.071612,4.3855,,,False
VPS26B,1.1362,0.26175,0.5625293969845565,1.4193e-05,0.0,0.32227,0.0,4,0.071612,4.3408,0.401761,0.510088,True
RABGGTA,0.98884,0.2313,0.00714334812249203,1.9103e-05,0.0,3.7725,0.0,5,0.071612,4.2751,0.00505112,0.500002,True
CELF2,1.4261,0.33924,0.5967559259736399,2.6231e-05,0.23707,6.9717,0.42625,5,0.079014,4.2039,0.426746,0.511382,True
HELB,1.0601,0.26042,1.4846900461353165,4.6876e-05,0.0,2.1356,0.0,4,0.079014,4.0707,1.1306,0.579891,True
CHD4,1.1838,0.29221,0.9628113309223286,5.0922e-05,0.12653,5.699,0.29812,5,0.079014,4.0514,0.701433,0.53075,True
PYGL,1.1943,0.29608,-0.9991389989999,5.4927e-05,0.13176,5.7496,0.3043,5,0.079014,4.0336,-0.729626,0.533272,False
TNKS,0.92347,0.22905,2.562101313056422,5.5376e-05,0.0,0.99062,0.0,5,0.079014,4.0317,2.35915,0.847849,True
LIMCH1,1.0009,0.24894,1.6963850362523476,5.7979e-05,0.032645,4.4589,0.10292,5,0.079014,4.0209,1.32454,0.609651,True
AFAP1L1,1.043,0.26077,,6.3419e-05,0.0,2.3006,0.0,4,0.079014,3.9997,,,False
ZNFX1,1.0383,0.26052,2.07950465807694,6.7288e-05,0.0,1.8733,0.0,4,0.079014,3.9857,1.72133,0.685186,True
CHMP4B,1.0346,0.25983,0.6154548966492812,6.8337e-05,0.0,1.8411,0.0,4,0.079014,3.982,0.440437,0.512124,True
MAP7D1,0.91496,0.23199,1.0090014579965112,8.0152e-05,0.0,3.9841,0.0,5,0.079014,3.9439,0.737315,0.533977,True
NPLOC4,0.90282,0.2296,0.9550164035196255,8.4158e-05,0.0,2.5145,0.0,5,0.079014,3.9322,0.69541,0.530225,True
F8A3,1.0713,0.27315,,8.7852e-05,0.0,2.3745,0.0,4,0.079014,3.9219,,,False
TMEM126A,-1.0161,0.2592,-0.15498029998793375,8.8524e-05,0.0,1.1643,0.0,4,0.079014,3.9201,-0.10967,0.500752,True
SDC3,0.9488,0.24485,1.6156807368171324,0.00010658,0.024135,4.3312,0.076459,5,0.082474,3.8751,1.24887,0.59748,True
ANXA11,0.88435,0.22867,0.9317575755576699,0.00011,0.0,1.9784,0.0,5,0.082474,3.8674,0.677489,0.528687,True
ZNF282,0.88094,0.22862,1.7369325363738506,0.00011655,0.0,1.1631,0.0,5,0.084022,3.8533,1.36345,0.616187,True
RNF40,1.0367,0.27164,1.225973445212412,0.00013543,0.0,1.6805,0.0,4,0.092639,3.8164,0.910725,0.551839,True
