gene,discovery_g,validation_g,se,k,z,p_two,agree,p_one_direction
CELA1,-1.1613,,inf,0,,,False,
VPS26B,1.1362,0.320357928362708,0.2872203881005804,2,1.1153732173445963,0.2646905216643983,True,0.13234526083219916
RABGGTA,0.98884,0.3308078902240739,0.28736201739833267,2,1.1511886407921401,0.24965463734251847,True,0.12482731867125924
CELF2,1.4261,0.37141244532105655,0.2880333644771544,2,1.2894771617699707,0.19723225110618592,True,0.09861612555309296
HELB,1.0601,0.0336652697429068,0.2862440104600936,2,0.11761039013111581,0.9063763719541443,True,0.45318818597707217
CHD4,1.1838,0.47420651430709354,0.29014228570920747,2,1.6343929777349406,0.10217636179595461,True,0.05108818089797731
PYGL,1.1943,-0.4715248448496331,0.2895963544264392,2,-1.6282140214904044,0.10347951269547442,False,0.9482602436522628
TNKS,0.92347,0.8291079970108429,0.4596607178163292,2,1.8037390729179887,0.0712722211437681,True,0.03563611057188405
LIMCH1,1.0009,0.041784343026753205,0.2856452370034343,2,0.14628055228608916,0.8836999177352133,True,0.44184995886760664
AFAP1L1,1.043,,inf,0,,,False,
ZNFX1,1.0383,0.13186234835083238,0.28685137543066747,2,0.4596887435274082,0.6457396503438918,True,0.3228698251719459
CHMP4B,1.0346,0.4073257883286214,0.28858432718582017,2,1.4114619192966196,0.15810845650196392,True,0.07905422825098196
MAP7D1,0.91496,0.3548101750643759,0.2880698828358253,2,1.2316809087140386,0.21806830410801503,True,0.10903415205400752
NPLOC4,0.90282,0.3296744010927147,0.28752382924964387,2,1.1465985339478537,0.2515475826732484,True,0.1257737913366242
F8A3,1.0713,0.366364,0.6377389748164997,1,0.5744732789859928,0.5656475775722325,True,0.28282378878611625
TMEM126A,-1.0161,0.14944121920757064,0.4501169987686339,2,0.33200527777531325,0.7398852737551727,False,0.6300573631224137
SDC3,0.9488,0.8286110052259912,0.29767643385272563,2,2.783596250806819,0.005375990893202672,True,0.002687995446601336
ANXA11,0.88435,-0.07695754701409009,0.2866504299701172,2,-0.26847176549539026,0.7883362052453408,False,0.6058318973773296
ZNF282,0.88094,0.31134630105613187,0.2871824566992632,2,1.0841410879849567,0.2783022474865391,True,0.13915112374326954
RNF40,1.0367,0.3809175745235236,0.2881125178196258,2,1.322113934535808,0.18613021435363797,True,0.09306510717681898
