gene,mu,se,z,p,tau2,Q,I2,k,q,abs_z
CELA1,-1.1613,0.2648,-4.3855,1.1572e-05,0,2.0019,0,4,0.071612,4.3855
VPS26B,1.1362,0.26175,4.3408,1.4193e-05,0,0.32227,0,4,0.071612,4.3408
RABGGTA,0.98884,0.2313,4.2751,1.9103e-05,0,3.7725,0,5,0.071612,4.2751
CELF2,1.4261,0.33924,4.2039,2.6231e-05,0.23707,6.9717,0.42625,5,0.079014,4.2039
HELB,1.0601,0.26042,4.0707,4.6876e-05,0,2.1356,0,4,0.079014,4.0707
CHD4,1.1838,0.29221,4.0514,5.0922e-05,0.12653,5.699,0.29812,5,0.079014,4.0514
PYGL,1.1943,0.29608,4.0336,5.4927e-05,0.13176,5.7496,0.3043,5,0.079014,4.0336
TNKS,0.92347,0.22905,4.0317,5.5376e-05,0,0.99062,0,5,0.079014,4.0317
LIMCH1,1.0009,0.24894,4.0209,5.7979e-05,0.032645,4.4589,0.10292,5,0.079014,4.0209
AFAP1L1,1.043,0.26077,3.9997,6.3419e-05,0,2.3006,0,4,0.079014,3.9997
ZNFX1,1.0383,0.26052,3.9857,6.7288e-05,0,1.8733,0,4,0.079014,3.9857
CHMP4B,1.0346,0.25983,3.982,6.8337e-05,0,1.8411,0,4,0.079014,3.982
MAP7D1,0.91496,0.23199,3.9439,8.0152e-05,0,3.9841,0,5,0.079014,3.9439
NPLOC4,0.90282,0.2296,3.9322,8.4158e-05,0,2.5145,0,5,0.079014,3.9322
F8A3,1.0713,0.27315,3.9219,8.7852e-05,0,2.3745,0,4,0.079014,3.9219
TMEM126A,-1.0161,0.2592,-3.9201,8.8524e-05,0,1.1643,0,4,0.079014,3.9201
SDC3,0.9488,0.24485,3.8751,0.00010658,0.024135,4.3312,0.076459,5,0.082474,3.8751
ANXA11,0.88435,0.22867,3.8674,0.00011,0,1.9784,0,5,0.082474,3.8674
ZNF282,0.88094,0.22862,3.8533,0.00011655,0,1.1631,0,5,0.084022,3.8533
RNF40,1.0367,0.27164,3.8164,0.00013543,0,1.6805,0,4,0.092639,3.8164
