accession,series,title,role,description,characteristics,sha256,url
GSM8263508,GSE267287,C25,panel sample,N11311_13,tissue: ovarian follicle | cell line: iPSC-derived MCP | disease: Control | treatment: No,5310f7ccf0b8605b8a027398d77df4c84636a0188fcbf66bf3ee2ab084581798,https://www.ncbi.nlm.nih.gov/geo/query/acc.cgi?acc=GSM8263508&targ=self&form=text&view=full
GSM8263509,GSE267287,C25 w/ testosterone,treated excluded,N11311_14,tissue: ovarian follicle | cell line: iPSC-derived MCP | disease: Control | treatment: Yes,f93d6ba2bb97da8dfd0f31a94238f2c03c08ddd713b431960b1efb0af052ef61,https://www.ncbi.nlm.nih.gov/geo/query/acc.cgi?acc=GSM8263509&targ=self&form=text&view=full
GSM8263510,GSE267287,C24,panel sample,N11311_15,tissue: ovarian follicle | cell line: iPSC-derived MCP | disease: Control | treatment: No,60d5e28de80d7c089e72ce4d36e54a00e0549467002d58346f41c62880a193a4,https://www.ncbi.nlm.nih.gov/geo/query/acc.cgi?acc=GSM8263510&targ=self&form=text&view=full
GSM8263511,GSE267287,C24 w/ testosterone,treated excluded,N11311_16,tissue: ovarian follicle | cell line: iPSC-derived MCP | disease: Control | treatment: Yes,5d968019646fdd178b234750a08a6977952e71c9004c2b45c7cf1992f1306f7a,https://www.ncbi.nlm.nih.gov/geo/query/acc.cgi?acc=GSM8263511&targ=self&form=text&view=full
GSM8263512,GSE267287,C31,panel sample,N11311_03,tissue: ovarian follicle | cell line: iPSC-derived MCP | disease: Control | treatment: No,a770c323ed57622c7071736d93260e3082bee3781c6ec1807d08a0c4cdcf90a9,https://www.ncbi.nlm.nih.gov/geo/query/acc.cgi?acc=GSM8263512&targ=self&form=text&view=full
GSM8263513,GSE267287,C31 w/ testosterone,treated excluded,N11311_04,tissue: ovarian follicle | cell line: iPSC-derived MCP | disease: Control | treatment: Yes,0f66755c4e2d088dfe001892b6ae5dac6b8a9911c344bb3bb602b03ee3d603e2,https://www.ncbi.nlm.nih.gov/geo/query/acc.cgi?acc=GSM8263513&targ=self&form=text&view=full
GSM8263514,GSE267287,C32,panel sample,N11311_05,tissue: ovarian follicle | cell line: iPSC-derived MCP | disease: Control | treatment: No,3e759fa5e7a3bc5065fabd78bddb006bf76328815c2da1d07e3f58fb0d414b0a,https://www.ncbi.nlm.nih.gov/geo/query/acc.cgi?acc=GSM8263514&targ=self&form=text&view=full
GSM8263515,GSE267287,P2,panel sample,N11311_07,tissue: ovarian follicle | cell line: iPSC-derived MCP | disease: PCOS | treatment: No,7d7155a738c409c9b5b0cddb2812612bcc5d41dbf38c737f00fc026908e7bd57,https://www.ncbi.nlm.nih.gov/geo/query/acc.cgi?acc=GSM8263515&targ=self&form=text&view=full
GSM8263516,GSE267287,P2 w/ testosterone,treated excluded,N11311_08,tissue: ovarian follicle | cell line: iPSC-derived MCP | disease: PCOS | treatment: Yes,a4bbd6d84db5bde6918f504a093d8f6ae6d531ad71c5ac8157a7ba50ad4a73ad,https://www.ncbi.nlm.nih.gov/geo/query/acc.cgi?acc=GSM8263516&targ=self&form=text&view=full
GSM8263517,GSE267287,P5,panel sample,N11311_09,tissue: ovarian follicle | cell line: iPSC-derived MCP | disease: PCOS | treatment: No,c0f74b5d8fc9c16450176bdeacd0d32696e56012136efa0dbbe9ce369c45f84b,https://www.ncbi.nlm.nih.gov/geo/query/acc.cgi?acc=GSM8263517&targ=self&form=text&view=full
GSM8263518,GSE267287,P5 w/ testosterone,treated excluded,N11311_10,tissue: ovarian follicle | cell line: iPSC-derived MCP | disease: PCOS | treatment: Yes,d2148ba59938296c7e2ad03cc5ad64d30c394b0c6dbfd601072fd0b24877afdb,https://www.ncbi.nlm.nih.gov/geo/query/acc.cgi?acc=GSM8263518&targ=self&form=text&view=full
GSM8263519,GSE267287,P11,panel sample,N11311_11,tissue: ovarian follicle | cell line: iPSC-derived MCP | disease: PCOS | treatment: No,1e51c925d5529b88e7d131aeb5c89f1d4701ab268e9caceae2a1dff248ce4570,https://www.ncbi.nlm.nih.gov/geo/query/acc.cgi?acc=GSM8263519&targ=self&form=text&view=full
GSM8263520,GSE267287,P12,panel sample,N11311_17,tissue: ovarian follicle | cell line: iPSC-derived MCP | disease: PCOS | treatment: No,76eabab383c9392fe040304a9fa509cc1fab7fe95c746c14372f0d45465ef247,https://www.ncbi.nlm.nih.gov/geo/query/acc.cgi?acc=GSM8263520&targ=self&form=text&view=full
GSM8263521,GSE267287,P12 w/ testosterone,treated excluded,N11311_18,tissue: ovarian follicle | cell line: iPSC-derived MCP | disease: PCOS | treatment: Yes,64a42e76b190c6effad503737b9a4d9b62c2a89ea710d4b6e61e53e32bccd84f,https://www.ncbi.nlm.nih.gov/geo/query/acc.cgi?acc=GSM8263521&targ=self&form=text&view=full
GSM8898319,GSE294074,Ctrl-1,panel sample,Library name: Sample 1,tissue: granulosa cell,90a0092d9950da64237f73309b8559b611b59b4a3b9851c56e17da5fb9ef89da,https://www.ncbi.nlm.nih.gov/geo/query/acc.cgi?acc=GSM8898319&targ=self&form=text&view=full
GSM8898320,GSE294074,Ctrl-2,panel sample,Library name: Sample 2,tissue: granulosa cell,c86fc56d8074e5e8c33f6179240e5b6e36af090d5929b86cf95824f62ff38720,https://www.ncbi.nlm.nih.gov/geo/query/acc.cgi?acc=GSM8898320&targ=self&form=text&view=full
GSM8898321,GSE294074,Ctrl-3,panel sample,Library name: Sample 3,tissue: granulosa cell,0ae51cb7abd0ee0eeaf6b671996059229722b2472d7597020f3dca7b2ee578e0,https://www.ncbi.nlm.nih.gov/geo/query/acc.cgi?acc=GSM8898321&targ=self&form=text&view=full
GSM8898322,GSE294074,PCOS-1,panel sample,Library name: Sample 4,tissue: granulosa cell,90b03e9c053577049f3a2e914e85ab731695836dc3ee2409ac9fd085055c2eaa,https://www.ncbi.nlm.nih.gov/geo/query/acc.cgi?acc=GSM8898322&targ=self&form=text&view=full
GSM8898323,GSE294074,PCOS-2,panel sample,Library name: Sample 5,tissue: granulosa cell,99aeae5a70891ba7e66b366512e94ed3fc3dc59b1714e4364f5920d26142a06e,https://www.ncbi.nlm.nih.gov/geo/query/acc.cgi?acc=GSM8898323&targ=self&form=text&view=full
GSM8898324,GSE294074,PCOS-3,panel sample,Library name: Sample 6,tissue: granulosa cell,24fb1e0bb9219465f177a9a9c6e49e9306903eddd8a2ef0b0594b688328ad65a,https://www.ncbi.nlm.nih.gov/geo/query/acc.cgi?acc=GSM8898324&targ=self&form=text&view=full
